{
    "epoch": [
        1,
        2,
        3,
        4,
        5,
        6,
        7,
        8,
        9
    ],
    "train_loss": [
        17.547778096502228,
        17.844383857153744,
        17.67239160390718,
        17.68139504191963,
        17.967196365312343,
        17.8898557835691,
        17.696987734594327,
        17.711837248535744,
        18.2604555422171
    ],
    "train_age_loss": [
        0.0026476884867019344,
        0.0003424372095821034,
        0.0003790832660744157,
        0.00017101567606208398,
        0.00021324400683041296,
        0.00020219719269347014,
        0.00023647951225634406,
        0.00021033209115123243,
        0.0001657486523466583
    ],
    "train_gender_loss": [
        17.5424827527908,
        17.843698978424072,
        17.67163344936334,
        17.681053055963535,
        17.966769856065223,
        17.889451357670602,
        17.6965147975782,
        17.71141661936148,
        18.260123984202714
    ],
    "train_gender_acc": [
        0.5078638195991516,
        0.5064175724983215,
        0.5058150291442871,
        0.5050316452980042,
        0.4957517385482788,
        0.49798130989074707,
        0.5030430555343628,
        0.5063573122024536,
        0.49171435832977295
    ],
    "train_age_mae": [
        32.961334228515625,
        33.293914794921875,
        33.12864685058594,
        33.016136169433594,
        33.18672180175781,
        32.99812698364258,
        33.02349090576172,
        33.467891693115234,
        33.33207702636719
    ],
    "val_loss": [
        18.730821200779506,
        18.731379210948944,
        18.730939507484436,
        18.730730840138026,
        18.731647057192667,
        18.730760395526886,
        18.73103185210909,
        18.731621290956223,
        18.731224170752935
    ],
    "val_age_loss": [
        0.00014848833987863536,
        0.000427456430510834,
        0.00020763379091347036,
        0.00010323594090420687,
        0.000561153758358809,
        0.00011795034333772492,
        0.00025382185127195304,
        0.0005485353581856803,
        0.00034998571910754047
    ],
    "val_gender_loss": [
        18.73052422489439,
        18.73052422489439,
        18.73052422489439,
        18.73052422489439,
        18.73052422489439,
        18.73052422489439,
        18.73052422489439,
        18.73052422489439,
        18.73052422489439
    ],
    "val_gender_acc": [
        0.4715973138809204,
        0.4715973138809204,
        0.4715973138809204,
        0.4715973138809204,
        0.4715973138809204,
        0.4715973138809204,
        0.4715973138809204,
        0.4715973138809204,
        0.4715973138809204
    ],
    "val_age_mae": [
        33.20907974243164,
        33.209224700927734,
        33.20891571044922,
        33.20895767211914,
        33.20873260498047,
        33.209075927734375,
        33.209136962890625,
        33.209285736083984,
        33.20919418334961
    ]
}